[{"kdex": "#001", "ndex": "#252", "name": "Treecko", "type1": "Grass", "URL": "https://bulbapedia.bulbagarden.net/wiki/Treecko_(Pok%C3%A9mon)"}, {"kdex": "#002", "ndex": "#253", "name": "Grovyle", "type1": "Grass", "URL": "https://bulbapedia.bulbagarden.net/wiki/Grovyle_(Pok%C3%A9mon)"}, {"kdex": "#003", "ndex": "#254", "name": "Sceptile", "type1": "Grass", "URL": "https://bulbapedia.bulbagarden.net/wiki/Sceptile_(Pok%C3%A9mon)"}, {"kdex": "#004", "ndex": "#255", "name": "Torchic", "type1": "Fire", "URL": "https://bulbapedia.bulbagarden.net/wiki/Torchic_(Pok%C3%A9mon)"}, {"kdex": "#005", "ndex": "#256", "name": "Combusken", "type1": "Fire", "type2": "Fighting", "URL": "https://bulbapedia.bulbagarden.net/wiki/Combusken_(Pok%C3%A9mon)"}, {"kdex": "#006", "ndex": "#257", "name": "Blaziken", "type1": "Fire", "type2": "Fighting", "URL": "https://bulbapedia.bulbagarden.net/wiki/Blaziken_(Pok%C3%A9mon)"}, {"kdex": "#007", "ndex": "#258", "name": "Mudkip", "type1": "Water", "URL": "https://bulbapedia.bulbagarden.net/wiki/Mudkip_(Pok%C3%A9mon)"}, {"kdex": "#008", "ndex": "#259", "name": "Marshtomp", "type1": "Water", "type2": "Ground", "URL": "https://bulbapedia.bulbagarden.net/wiki/Marshtomp_(Pok%C3%A9mon)"}, {"kdex": "#009", "ndex": "#260", "name": "Swampert", "type1": "Water", "type2": "Ground", "URL": "https://bulbapedia.bulbagarden.net/wiki/Swampert_(Pok%C3%A9mon)"}, {"kdex": "#010", "ndex": "#261", "name": "Poochyena", "type1": "Dark", "URL": "https://bulbapedia.bulbagarden.net/wiki/Poochyena_(Pok%C3%A9mon)"}, {"kdex": "#011", "ndex": "#262", "name": "Mightyena", "type1": "Dark", "URL": "https://bulbapedia.bulbagarden.net/wiki/Mightyena_(Pok%C3%A9mon)"}, {"kdex": "#012", "ndex": "#263", "name": "Zigzagoon", "type1": "Normal", "URL": "https://bulbapedia.bulbagarden.net/wiki/Zigzagoon_(Pok%C3%A9mon)"}, {"kdex": "", "ndex": "#263", "name": "Zigzagoon", "type1": "Dark", "type2": "Normal", "URL": "https://bulbapedia.bulbagarden.net/wiki/Zigzagoon_(Pok%C3%A9mon)"}, {"kdex": "#013", "ndex": "#264", "name": "Linoone", "type1": "Normal", "URL": "https://bulbapedia.bulbagarden.net/wiki/Linoone_(Pok%C3%A9mon)"}, {"kdex": "", "ndex": "#264", "name": "Linoone", "type1": "Dark", "type2": "Normal", "URL": "https://bulbapedia.bulbagarden.net/wiki/Linoone_(Pok%C3%A9mon)"}, {"kdex": "#014", "ndex": "#265", "name": "Wurmple", "type1": "Bug", "URL": "https://bulbapedia.bulbagarden.net/wiki/Wurmple_(Pok%C3%A9mon)"}, {"kdex": "#015", "ndex": "#266", "name": "Silcoon", "type1": "Bug", "URL": "https://bulbapedia.bulbagarden.net/wiki/Silcoon_(Pok%C3%A9mon)"}, {"kdex": "#016", "ndex": "#267", "name": "Beautifly", "type1": "Bug", "type2": "Flying", "URL": "https://bulbapedia.bulbagarden.net/wiki/Beautifly_(Pok%C3%A9mon)"}, {"kdex": "#017", "ndex": "#268", "name": "Cascoon", "type1": "Bug", "URL": "https://bulbapedia.bulbagarden.net/wiki/Cascoon_(Pok%C3%A9mon)"}, {"kdex": "#018", "ndex": "#269", "name": "Dustox", "type1": "Bug", "type2": "Poison", "URL": "https://bulbapedia.bulbagarden.net/wiki/Dustox_(Pok%C3%A9mon)"}, {"kdex": "#019", "ndex": "#270", "name": "Lotad", "type1": "Water", "type2": "Grass", "URL": "https://bulbapedia.bulbagarden.net/wiki/Lotad_(Pok%C3%A9mon)"}, {"kdex": "#020", "ndex": "#271", "name": "Lombre", "type1": "Water", "type2": "Grass", "URL": "https://bulbapedia.bulbagarden.net/wiki/Lombre_(Pok%C3%A9mon)"}, {"kdex": "#021", "ndex": "#272", "name": "Ludicolo", "type1": "Water", "type2": "Grass", "URL": "https://bulbapedia.bulbagarden.net/wiki/Ludicolo_(Pok%C3%A9mon)"}, {"kdex": "#022", "ndex": "#273", "name": "Seedot", "type1": "Grass", "URL": "https://bulbapedia.bulbagarden.net/wiki/Seedot_(Pok%C3%A9mon)"}, {"kdex": "#023", "ndex": "#274", "name": "Nuzleaf", "type1": "Grass", "type2": "Dark", "URL": "https://bulbapedia.bulbagarden.net/wiki/Nuzleaf_(Pok%C3%A9mon)"}, {"kdex": "#024", "ndex": "#275", "name": "Shiftry", "type1": "Grass", "type2": "Dark", "URL": "https://bulbapedia.bulbagarden.net/wiki/Shiftry_(Pok%C3%A9mon)"}, {"kdex": "#025", "ndex": "#276", "name": "Taillow", "type1": "Normal", "type2": "Flying", "URL": "https://bulbapedia.bulbagarden.net/wiki/Taillow_(Pok%C3%A9mon)"}, {"kdex": "#026", "ndex": "#277", "name": "Swellow", "type1": "Normal", "type2": "Flying", "URL": "https://bulbapedia.bulbagarden.net/wiki/Swellow_(Pok%C3%A9mon)"}, {"kdex": "#027", "ndex": "#278", "name": "Wingull", "type1": "Water", "type2": "Flying", "URL": "https://bulbapedia.bulbagarden.net/wiki/Wingull_(Pok%C3%A9mon)"}, {"kdex": "#028", "ndex": "#279", "name": "Pelipper", "type1": "Water", "type2": "Flying", "URL": "https://bulbapedia.bulbagarden.net/wiki/Pelipper_(Pok%C3%A9mon)"}, {"kdex": "#029", "ndex": "#280", "name": "Ralts", "type1": "Psychic", "type2": "Fairy", "URL": "https://bulbapedia.bulbagarden.net/wiki/Ralts_(Pok%C3%A9mon)"}, {"kdex": "#030", "ndex": "#281", "name": "Kirlia", "type1": "Psychic", "type2": "Fairy", "URL": "https://bulbapedia.bulbagarden.net/wiki/Kirlia_(Pok%C3%A9mon)"}, {"kdex": "#031", "ndex": "#282", "name": "Gardevoir", "type1": "Psychic", "type2": "Fairy", "URL": "https://bulbapedia.bulbagarden.net/wiki/Gardevoir_(Pok%C3%A9mon)"}, {"kdex": "#032", "ndex": "#283", "name": "Surskit", "type1": "Bug", "type2": "Water", "URL": "https://bulbapedia.bulbagarden.net/wiki/Surskit_(Pok%C3%A9mon)"}, {"kdex": "#033", "ndex": "#284", "name": "Masquerain", "type1": "Bug", "type2": "Flying", "URL": "https://bulbapedia.bulbagarden.net/wiki/Masquerain_(Pok%C3%A9mon)"}, {"kdex": "#034", "ndex": "#285", "name": "Shroomish", "type1": "Grass", "URL": "https://bulbapedia.bulbagarden.net/wiki/Shroomish_(Pok%C3%A9mon)"}, {"kdex": "#035", "ndex": "#286", "name": "Breloom", "type1": "Grass", "type2": "Fighting", "URL": "https://bulbapedia.bulbagarden.net/wiki/Breloom_(Pok%C3%A9mon)"}, {"kdex": "#036", "ndex": "#287", "name": "Slakoth", "type1": "Normal", "URL": "https://bulbapedia.bulbagarden.net/wiki/Slakoth_(Pok%C3%A9mon)"}, {"kdex": "#037", "ndex": "#288", "name": "Vigoroth", "type1": "Normal", "URL": "https://bulbapedia.bulbagarden.net/wiki/Vigoroth_(Pok%C3%A9mon)"}, {"kdex": "#038", "ndex": "#289", "name": "Slaking", "type1": "Normal", "URL": "https://bulbapedia.bulbagarden.net/wiki/Slaking_(Pok%C3%A9mon)"}, {"kdex": "#042", "ndex": "#290", "name": "Nincada", "type1": "Bug", "type2": "Ground", "URL": "https://bulbapedia.bulbagarden.net/wiki/Nincada_(Pok%C3%A9mon)"}, {"kdex": "#043", "ndex": "#291", "name": "Ninjask", "type1": "Bug", "type2": "Flying", "URL": "https://bulbapedia.bulbagarden.net/wiki/Ninjask_(Pok%C3%A9mon)"}, {"kdex": "#044", "ndex": "#292", "name": "Shedinja", "type1": "Bug", "type2": "Ghost", "URL": "https://bulbapedia.bulbagarden.net/wiki/Shedinja_(Pok%C3%A9mon)"}, {"kdex": "#045", "ndex": "#293", "name": "Whismur", "type1": "Normal", "URL": "https://bulbapedia.bulbagarden.net/wiki/Whismur_(Pok%C3%A9mon)"}, {"kdex": "#046", "ndex": "#294", "name": "Loudred", "type1": "Normal", "URL": "https://bulbapedia.bulbagarden.net/wiki/Loudred_(Pok%C3%A9mon)"}, {"kdex": "#047", "ndex": "#295", "name": "Exploud", "type1": "Normal", "URL": "https://bulbapedia.bulbagarden.net/wiki/Exploud_(Pok%C3%A9mon)"}, {"kdex": "#048", "ndex": "#296", "name": "Makuhita", "type1": "Fighting", "URL": "https://bulbapedia.bulbagarden.net/wiki/Makuhita_(Pok%C3%A9mon)"}, {"kdex": "#049", "ndex": "#297", "name": "Hariyama", "type1": "Fighting", "URL": "https://bulbapedia.bulbagarden.net/wiki/Hariyama_(Pok%C3%A9mon)"}, {"kdex": "#054", "ndex": "#298", "name": "Azurill", "type1": "Normal", "type2": "Fairy", "URL": "https://bulbapedia.bulbagarden.net/wiki/Azurill_(Pok%C3%A9mon)"}, {"kdex": "#060", "ndex": "#299", "name": "Nosepass", "type1": "Rock", "URL": "https://bulbapedia.bulbagarden.net/wiki/Nosepass_(Pok%C3%A9mon)"}, {"kdex": "#061", "ndex": "#300", "name": "Skitty", "type1": "Normal", "URL": "https://bulbapedia.bulbagarden.net/wiki/Skitty_(Pok%C3%A9mon)"}, {"kdex": "#062", "ndex": "#301", "name": "Delcatty", "type1": "Normal", "URL": "https://bulbapedia.bulbagarden.net/wiki/Delcatty_(Pok%C3%A9mon)"}, {"kdex": "#068", "ndex": "#302", "name": "Sableye", "type1": "Dark", "type2": "Ghost", "URL": "https://bulbapedia.bulbagarden.net/wiki/Sableye_(Pok%C3%A9mon)"}, {"kdex": "#069", "ndex": "#303", "name": "Mawile", "type1": "Steel", "type2": "Fairy", "URL": "https://bulbapedia.bulbagarden.net/wiki/Mawile_(Pok%C3%A9mon)"}, {"kdex": "#070", "ndex": "#304", "name": "Aron", "type1": "Steel", "type2": "Rock", "URL": "https://bulbapedia.bulbagarden.net/wiki/Aron_(Pok%C3%A9mon)"}, {"kdex": "#071", "ndex": "#305", "name": "Lairon", "type1": "Steel", "type2": "Rock", "URL": "https://bulbapedia.bulbagarden.net/wiki/Lairon_(Pok%C3%A9mon)"}, {"kdex": "#072", "ndex": "#306", "name": "Aggron", "type1": "Steel", "type2": "Rock", "URL": "https://bulbapedia.bulbagarden.net/wiki/Aggron_(Pok%C3%A9mon)"}, {"kdex": "#076", "ndex": "#307", "name": "Meditite", "type1": "Fighting", "type2": "Psychic", "URL": "https://bulbapedia.bulbagarden.net/wiki/Meditite_(Pok%C3%A9mon)"}, {"kdex": "#077", "ndex": "#308", "name": "Medicham", "type1": "Fighting", "type2": "Psychic", "URL": "https://bulbapedia.bulbagarden.net/wiki/Medicham_(Pok%C3%A9mon)"}, {"kdex": "#078", "ndex": "#309", "name": "Electrike", "type1": "Electric", "URL": "https://bulbapedia.bulbagarden.net/wiki/Electrike_(Pok%C3%A9mon)"}, {"kdex": "#079", "ndex": "#310", "name": "Manectric", "type1": "Electric", "URL": "https://bulbapedia.bulbagarden.net/wiki/Manectric_(Pok%C3%A9mon)"}, {"kdex": "#080", "ndex": "#311", "name": "Plusle", "type1": "Electric", "URL": "https://bulbapedia.bulbagarden.net/wiki/Plusle_(Pok%C3%A9mon)"}, {"kdex": "#081", "ndex": "#312", "name": "Minun", "type1": "Electric", "URL": "https://bulbapedia.bulbagarden.net/wiki/Minun_(Pok%C3%A9mon)"}, {"kdex": "#086", "ndex": "#313", "name": "Volbeat", "type1": "Bug", "URL": "https://bulbapedia.bulbagarden.net/wiki/Volbeat_(Pok%C3%A9mon)"}, {"kdex": "#087", "ndex": "#314", "name": "Illumise", "type1": "Bug", "URL": "https://bulbapedia.bulbagarden.net/wiki/Illumise_(Pok%C3%A9mon)"}, {"kdex": "#094", "ndex": "#315", "name": "Roselia", "type1": "Grass", "type2": "Poison", "URL": "https://bulbapedia.bulbagarden.net/wiki/Roselia_(Pok%C3%A9mon)"}, {"kdex": "#095", "ndex": "#316", "name": "Gulpin", "type1": "Poison", "URL": "https://bulbapedia.bulbagarden.net/wiki/Gulpin_(Pok%C3%A9mon)"}, {"kdex": "#096", "ndex": "#317", "name": "Swalot", "type1": "Poison", "URL": "https://bulbapedia.bulbagarden.net/wiki/Swalot_(Pok%C3%A9mon)"}, {"kdex": "#097", "ndex": "#318", "name": "Carvanha", "type1": "Water", "type2": "Dark", "URL": "https://bulbapedia.bulbagarden.net/wiki/Carvanha_(Pok%C3%A9mon)"}, {"kdex": "#098", "ndex": "#319", "name": "Sharpedo", "type1": "Water", "type2": "Dark", "URL": "https://bulbapedia.bulbagarden.net/wiki/Sharpedo_(Pok%C3%A9mon)"}, {"kdex": "#099", "ndex": "#320", "name": "Wailmer", "type1": "Water", "URL": "https://bulbapedia.bulbagarden.net/wiki/Wailmer_(Pok%C3%A9mon)"}, {"kdex": "#100", "ndex": "#321", "name": "Wailord", "type1": "Water", "URL": "https://bulbapedia.bulbagarden.net/wiki/Wailord_(Pok%C3%A9mon)"}, {"kdex": "#101", "ndex": "#322", "name": "Numel", "type1": "Fire", "type2": "Ground", "URL": "https://bulbapedia.bulbagarden.net/wiki/Numel_(Pok%C3%A9mon)"}, {"kdex": "#102", "ndex": "#323", "name": "Camerupt", "type1": "Fire", "type2": "Ground", "URL": "https://bulbapedia.bulbagarden.net/wiki/Camerupt_(Pok%C3%A9mon)"}, {"kdex": "#105", "ndex": "#324", "name": "Torkoal", "type1": "Fire", "URL": "https://bulbapedia.bulbagarden.net/wiki/Torkoal_(Pok%C3%A9mon)"}, {"kdex": "#110", "ndex": "#325", "name": "Spoink", "type1": "Psychic", "URL": "https://bulbapedia.bulbagarden.net/wiki/Spoink_(Pok%C3%A9mon)"}, {"kdex": "#111", "ndex": "#326", "name": "Grumpig", "type1": "Psychic", "URL": "https://bulbapedia.bulbagarden.net/wiki/Grumpig_(Pok%C3%A9mon)"}, {"kdex": "#114", "ndex": "#327", "name": "Spinda", "type1": "Normal", "URL": "https://bulbapedia.bulbagarden.net/wiki/Spinda_(Pok%C3%A9mon)"}, {"kdex": "#116", "ndex": "#328", "name": "Trapinch", "type1": "Ground", "URL": "https://bulbapedia.bulbagarden.net/wiki/Trapinch_(Pok%C3%A9mon)"}, {"kdex": "#117", "ndex": "#329", "name": "Vibrava", "type1": "Ground", "type2": "Dragon", "URL": "https://bulbapedia.bulbagarden.net/wiki/Vibrava_(Pok%C3%A9mon)"}, {"kdex": "#118", "ndex": "#330", "name": "Flygon", "type1": "Ground", "type2": "Dragon", "URL": "https://bulbapedia.bulbagarden.net/wiki/Flygon_(Pok%C3%A9mon)"}, {"kdex": "#119", "ndex": "#331", "name": "Cacnea", "type1": "Grass", "URL": "https://bulbapedia.bulbagarden.net/wiki/Cacnea_(Pok%C3%A9mon)"}, {"kdex": "#120", "ndex": "#332", "name": "Cacturne", "type1": "Grass", "type2": "Dark", "URL": "https://bulbapedia.bulbagarden.net/wiki/Cacturne_(Pok%C3%A9mon)"}, {"kdex": "#121", "ndex": "#333", "name": "Swablu", "type1": "Normal", "type2": "Flying", "URL": "https://bulbapedia.bulbagarden.net/wiki/Swablu_(Pok%C3%A9mon)"}, {"kdex": "#122", "ndex": "#334", "name": "Altaria", "type1": "Dragon", "type2": "Flying", "URL": "https://bulbapedia.bulbagarden.net/wiki/Altaria_(Pok%C3%A9mon)"}, {"kdex": "#123", "ndex": "#335", "name": "Zangoose", "type1": "Normal", "URL": "https://bulbapedia.bulbagarden.net/wiki/Zangoose_(Pok%C3%A9mon)"}, {"kdex": "#124", "ndex": "#336", "name": "Seviper", "type1": "Poison", "URL": "https://bulbapedia.bulbagarden.net/wiki/Seviper_(Pok%C3%A9mon)"}, {"kdex": "#125", "ndex": "#337", "name": "Lunatone", "type1": "Rock", "type2": "Psychic", "URL": "https://bulbapedia.bulbagarden.net/wiki/Lunatone_(Pok%C3%A9mon)"}, {"kdex": "#126", "ndex": "#338", "name": "Solrock", "type1": "Rock", "type2": "Psychic", "URL": "https://bulbapedia.bulbagarden.net/wiki/Solrock_(Pok%C3%A9mon)"}, {"kdex": "#127", "ndex": "#339", "name": "Barboach", "type1": "Water", "type2": "Ground", "URL": "https://bulbapedia.bulbagarden.net/wiki/Barboach_(Pok%C3%A9mon)"}, {"kdex": "#128", "ndex": "#340", "name": "Whiscash", "type1": "Water", "type2": "Ground", "URL": "https://bulbapedia.bulbagarden.net/wiki/Whiscash_(Pok%C3%A9mon)"}, {"kdex": "#129", "ndex": "#341", "name": "Corphish", "type1": "Water", "URL": "https://bulbapedia.bulbagarden.net/wiki/Corphish_(Pok%C3%A9mon)"}, {"kdex": "#130", "ndex": "#342", "name": "Crawdaunt", "type1": "Water", "type2": "Dark", "URL": "https://bulbapedia.bulbagarden.net/wiki/Crawdaunt_(Pok%C3%A9mon)"}, {"kdex": "#131", "ndex": "#343", "name": "Baltoy", "type1": "Ground", "type2": "Psychic", "URL": "https://bulbapedia.bulbagarden.net/wiki/Baltoy_(Pok%C3%A9mon)"}, {"kdex": "#132", "ndex": "#344", "name": "Claydol", "type1": "Ground", "type2": "Psychic", "URL": "https://bulbapedia.bulbagarden.net/wiki/Claydol_(Pok%C3%A9mon)"}, {"kdex": "#133", "ndex": "#345", "name": "Lileep", "type1": "Rock", "type2": "Grass", "URL": "https://bulbapedia.bulbagarden.net/wiki/Lileep_(Pok%C3%A9mon)"}, {"kdex": "#134", "ndex": "#346", "name": "Cradily", "type1": "Rock", "type2": "Grass", "URL": "https://bulbapedia.bulbagarden.net/wiki/Cradily_(Pok%C3%A9mon)"}, {"kdex": "#135", "ndex": "#347", "name": "Anorith", "type1": "Rock", "type2": "Bug", "URL": "https://bulbapedia.bulbagarden.net/wiki/Anorith_(Pok%C3%A9mon)"}, {"kdex": "#136", "ndex": "#348", "name": "Armaldo", "type1": "Rock", "type2": "Bug", "URL": "https://bulbapedia.bulbagarden.net/wiki/Armaldo_(Pok%C3%A9mon)"}, {"kdex": "#140", "ndex": "#349", "name": "Feebas", "type1": "Water", "URL": "https://bulbapedia.bulbagarden.net/wiki/Feebas_(Pok%C3%A9mon)"}, {"kdex": "#141", "ndex": "#350", "name": "Milotic", "type1": "Water", "URL": "https://bulbapedia.bulbagarden.net/wiki/Milotic_(Pok%C3%A9mon)"}, {"kdex": "#142", "ndex": "#351", "name": "Castform", "type1": "Normal", "URL": "https://bulbapedia.bulbagarden.net/wiki/Castform_(Pok%C3%A9mon)"}, {"kdex": "#142", "ndex": "#351", "name": "Castform", "type1": "Fire", "URL": "https://bulbapedia.bulbagarden.net/wiki/Castform_(Pok%C3%A9mon)"}, {"kdex": "#142", "ndex": "#351", "name": "Castform", "type1": "Water", "URL": "https://bulbapedia.bulbagarden.net/wiki/Castform_(Pok%C3%A9mon)"}, {"kdex": "#142", "ndex": "#351", "name": "Castform", "type1": "Ice", "URL": "https://bulbapedia.bulbagarden.net/wiki/Castform_(Pok%C3%A9mon)"}, {"kdex": "#145", "ndex": "#352", "name": "Kecleon", "type1": "Normal", "URL": "https://bulbapedia.bulbagarden.net/wiki/Kecleon_(Pok%C3%A9mon)"}, {"kdex": "#146", "ndex": "#353", "name": "Shuppet", "type1": "Ghost", "URL": "https://bulbapedia.bulbagarden.net/wiki/Shuppet_(Pok%C3%A9mon)"}, {"kdex": "#147", "ndex": "#354", "name": "Banette", "type1": "Ghost", "URL": "https://bulbapedia.bulbagarden.net/wiki/Banette_(Pok%C3%A9mon)"}, {"kdex": "#148", "ndex": "#355", "name": "Duskull", "type1": "Ghost", "URL": "https://bulbapedia.bulbagarden.net/wiki/Duskull_(Pok%C3%A9mon)"}, {"kdex": "#149", "ndex": "#356", "name": "Dusclops", "type1": "Ghost", "URL": "https://bulbapedia.bulbagarden.net/wiki/Dusclops_(Pok%C3%A9mon)"}, {"kdex": "#150", "ndex": "#357", "name": "Tropius", "type1": "Grass", "type2": "Flying", "URL": "https://bulbapedia.bulbagarden.net/wiki/Tropius_(Pok%C3%A9mon)"}, {"kdex": "#151", "ndex": "#358", "name": "Chimecho", "type1": "Psychic", "URL": "https://bulbapedia.bulbagarden.net/wiki/Chimecho_(Pok%C3%A9mon)"}, {"kdex": "#152", "ndex": "#359", "name": "Absol", "type1": "Dark", "URL": "https://bulbapedia.bulbagarden.net/wiki/Absol_(Pok%C3%A9mon)"}, {"kdex": "#160", "ndex": "#360", "name": "Wynaut", "type1": "Psychic", "URL": "https://bulbapedia.bulbagarden.net/wiki/Wynaut_(Pok%C3%A9mon)"}, {"kdex": "#171", "ndex": "#361", "name": "Snorunt", "type1": "Ice", "URL": "https://bulbapedia.bulbagarden.net/wiki/Snorunt_(Pok%C3%A9mon)"}, {"kdex": "#172", "ndex": "#362", "name": "Glalie", "type1": "Ice", "URL": "https://bulbapedia.bulbagarden.net/wiki/Glalie_(Pok%C3%A9mon)"}, {"kdex": "#173", "ndex": "#363", "name": "Spheal", "type1": "Ice", "type2": "Water", "URL": "https://bulbapedia.bulbagarden.net/wiki/Spheal_(Pok%C3%A9mon)"}, {"kdex": "#174", "ndex": "#364", "name": "Sealeo", "type1": "Ice", "type2": "Water", "URL": "https://bulbapedia.bulbagarden.net/wiki/Sealeo_(Pok%C3%A9mon)"}, {"kdex": "#175", "ndex": "#365", "name": "Walrein", "type1": "Ice", "type2": "Water", "URL": "https://bulbapedia.bulbagarden.net/wiki/Walrein_(Pok%C3%A9mon)"}, {"kdex": "#176", "ndex": "#366", "name": "Clamperl", "type1": "Water", "URL": "https://bulbapedia.bulbagarden.net/wiki/Clamperl_(Pok%C3%A9mon)"}, {"kdex": "#177", "ndex": "#367", "name": "Huntail", "type1": "Water", "URL": "https://bulbapedia.bulbagarden.net/wiki/Huntail_(Pok%C3%A9mon)"}, {"kdex": "#178", "ndex": "#368", "name": "Gorebyss", "type1": "Water", "URL": "https://bulbapedia.bulbagarden.net/wiki/Gorebyss_(Pok%C3%A9mon)"}, {"kdex": "#179", "ndex": "#369", "name": "Relicanth", "type1": "Water", "type2": "Rock", "URL": "https://bulbapedia.bulbagarden.net/wiki/Relicanth_(Pok%C3%A9mon)"}, {"kdex": "#183", "ndex": "#370", "name": "Luvdisc", "type1": "Water", "URL": "https://bulbapedia.bulbagarden.net/wiki/Luvdisc_(Pok%C3%A9mon)"}, {"kdex": "#187", "ndex": "#371", "name": "Bagon", "type1": "Dragon", "URL": "https://bulbapedia.bulbagarden.net/wiki/Bagon_(Pok%C3%A9mon)"}, {"kdex": "#188", "ndex": "#372", "name": "Shelgon", "type1": "Dragon", "URL": "https://bulbapedia.bulbagarden.net/wiki/Shelgon_(Pok%C3%A9mon)"}, {"kdex": "#189", "ndex": "#373", "name": "Salamence", "type1": "Dragon", "type2": "Flying", "URL": "https://bulbapedia.bulbagarden.net/wiki/Salamence_(Pok%C3%A9mon)"}, {"kdex": "#190", "ndex": "#374", "name": "Beldum", "type1": "Steel", "type2": "Psychic", "URL": "https://bulbapedia.bulbagarden.net/wiki/Beldum_(Pok%C3%A9mon)"}, {"kdex": "#191", "ndex": "#375", "name": "Metang", "type1": "Steel", "type2": "Psychic", "URL": "https://bulbapedia.bulbagarden.net/wiki/Metang_(Pok%C3%A9mon)"}, {"kdex": "#192", "ndex": "#376", "name": "Metagross", "type1": "Steel", "type2": "Psychic", "URL": "https://bulbapedia.bulbagarden.net/wiki/Metagross_(Pok%C3%A9mon)"}, {"kdex": "#193", "ndex": "#377", "name": "Regirock", "type1": "Rock", "URL": "https://bulbapedia.bulbagarden.net/wiki/Regirock_(Pok%C3%A9mon)"}, {"kdex": "#194", "ndex": "#378", "name": "Regice", "type1": "Ice", "URL": "https://bulbapedia.bulbagarden.net/wiki/Regice_(Pok%C3%A9mon)"}, {"kdex": "#195", "ndex": "#379", "name": "Registeel", "type1": "Steel", "URL": "https://bulbapedia.bulbagarden.net/wiki/Registeel_(Pok%C3%A9mon)"}, {"kdex": "#196", "ndex": "#380", "name": "Latias", "type1": "Dragon", "type2": "Psychic", "URL": "https://bulbapedia.bulbagarden.net/wiki/Latias_(Pok%C3%A9mon)"}, {"kdex": "#197", "ndex": "#381", "name": "Latios", "type1": "Dragon", "type2": "Psychic", "URL": "https://bulbapedia.bulbagarden.net/wiki/Latios_(Pok%C3%A9mon)"}, {"kdex": "#198", "ndex": "#382", "name": "Kyogre", "type1": "Water", "URL": "https://bulbapedia.bulbagarden.net/wiki/Kyogre_(Pok%C3%A9mon)"}, {"kdex": "#199", "ndex": "#383", "name": "Groudon", "type1": "Ground", "URL": "https://bulbapedia.bulbagarden.net/wiki/Groudon_(Pok%C3%A9mon)"}, {"kdex": "#200", "ndex": "#384", "name": "Rayquaza", "type1": "Dragon", "type2": "Flying", "URL": "https://bulbapedia.bulbagarden.net/wiki/Rayquaza_(Pok%C3%A9mon)"}, {"kdex": "#201", "ndex": "#385", "name": "Jirachi", "type1": "Steel", "type2": "Psychic", "URL": "https://bulbapedia.bulbagarden.net/wiki/Jirachi_(Pok%C3%A9mon)"}, {"kdex": "#202", "ndex": "#386", "name": "Deoxys", "type1": "Psychic", "URL": "https://bulbapedia.bulbagarden.net/wiki/Deoxys_(Pok%C3%A9mon)"}, {"kdex": "#202", "ndex": "#386", "name": "Deoxys", "type1": "Psychic", "URL": "https://bulbapedia.bulbagarden.net/wiki/Deoxys_(Pok%C3%A9mon)"}, {"kdex": "#202", "ndex": "#386", "name": "Deoxys", "type1": "Psychic", "URL": "https://bulbapedia.bulbagarden.net/wiki/Deoxys_(Pok%C3%A9mon)"}, {"kdex": "#202", "ndex": "#386", "name": "Deoxys", "type1": "Psychic", "URL": "https://bulbapedia.bulbagarden.net/wiki/Deoxys_(Pok%C3%A9mon)"}]