[{"timestamp": "2021-03-16T01:37:00Z", "title": "COVID-19 lockdown: The past year in charts and maps - Rappler", "content": "A year later, on March 15, 2021, total coronavirus cases have reached 626,893, with 12,837 deaths and 560,577 recoveries, according to the Department of Health (DOH).", "author": "Michael Bueza"}, {"timestamp": "2021-03-16T01:33:42Z", "title": "Rising encrypted app Signal is down in China - Yahoo Philippines News", "content": "A controversial documentary portraying the fierce clashes at a university in Hong Kong during the 2019 anti-government protests was pulled on Monday, hours before its scheduled cinema screening, foll\u2026 [+4063 chars]", "author": "Rita Liao"}, {"timestamp": "2021-03-15T23:19:00Z", "title": "5 at the time of Spanish Flu, 107-yr-old gets first Covid jab - Times of India", "content": null, "author": "TNN"}, {"timestamp": "2021-03-15T22:58:24Z", "title": "Supermassive black hole spotted wandering through space - CNN Philippines", "content": "(CNN) \u00a0Supermassive black holes usually sit like stationary engines at the centers of galaxies, sucking in everything around them.\r\nNow astronomers have detected a highly unusual case of one wanderin\u2026 [+4469 chars]", "author": null}, {"timestamp": "2021-03-15T20:17:00Z", "title": "WHO: Vaccine rollout unaffected by concerns over AstraZeneca - Washington Post", "content": "We understand these are precautionary measures, WHO assistant director-general Mariangela Simao said. I would like to say this to countries from other regions that are not Europe: That the vaccines (\u2026 [+2698 chars]", "author": "Jamey Keaten\u2009|\u2009AP"}, {"timestamp": "2021-03-15T19:22:05Z", "title": "Hennessey Pits 1,000-HP Shelby GT500 Against New Porsche 911 Turbo S - Motor1", "content": "Few things are more enjoyable than a heads-up drag race between two incredibly powerful vehicles. Aside from the obvious instant gratification of the sport, its also a great way to measure performanc\u2026 [+1464 chars]", "author": "Matthew Crisara"}, {"timestamp": "2021-03-15T18:48:00Z", "title": "Jeremy Clarkson hits out as EU countries halt Covid vaccine \u2018My blood is still a liquid\u2019 - Express", "content": null, "author": "Fay Watson"}, {"timestamp": "2021-03-15T17:32:00Z", "title": "Skyway Stage 3 'closed indefinitely' starting Tuesday - ABS-CBN News", "content": "MANILA - The Skyway Stage 3 will be closed \"indefinitely\u2019\"to motorists starting Tuesday, March 16.\r\nIt will take effect at 5 p.m.\r\nSan Miguel Corporation, the company that funded the infrastructure p\u2026 [+504 chars]", "author": "Jacque Manabat, ABS-CBN News"}, {"timestamp": "2021-03-15T16:47:12Z", "title": "Papal Mass marks 500 years of Christianity in PH \u2013 The Manila Times - The Manila Times", "content": "The Vatican on Sunday celebrated the 500 years of Christianity in the Philippines with a Mass led by Pope Francis along with Filipino Cardinal Luis Antonio Tagle.\r\nThe Catholic Bishops Conference of \u2026 [+3722 chars]", "author": null}, {"timestamp": "2021-03-15T15:30:34Z", "title": "How to Get Vaccinated If You're Afraid of Needles - The New York Times", "content": "The whole thing will be over in seconds, and a distraction can help you get through it.\r\nIt could be a YouTube video on your phone, or your favorite song playing. You could practice deep-breathing or\u2026 [+1261 chars]", "author": "Daniel Victor"}, {"timestamp": "2021-03-15T14:41:08Z", "title": "Skoltech and MIT researchers identify optimal human landing system architectures to land on the Moon - EurekAlert", "content": "IMAGE:\u00a0The 'last mile' of a future mission to the Moon\r\n view more\u00a0\r\nCredit: Pavel Odinev (Skoltech)\r\nResearchers from Skoltech and the Massachusetts Institute of Technology have analyzed several doz\u2026 [+6160 chars]", "author": null}, {"timestamp": "2021-03-15T14:07:15Z", "title": "China IMCAS's COVID-19 vaccine obtained emergency use approval in China - GMA News", "content": "BEIJING, China - A COVID-19 vaccine developed by the Institute of Microbiology of Chinese Academy of Sciences (IMCAS) has obtained the greenlight for emergency use in China, the institute said on Mon\u2026 [+1191 chars]", "author": ""}, {"timestamp": "2021-03-15T13:32:02Z", "title": "With 1v1Me, anyone can gamble on their ability to crush an opponent in player vs. player games - Yahoo Philippines News", "content": "Anthony Geranio has played video games for the past 13 years. The 26-year-old first-time founder of 1v1Me, a new company that lets anyone gamble on their ability to win in a player versus player game\u2026 [+2969 chars]", "author": "Jonathan Shieber"}, {"timestamp": "2021-03-15T13:31:12Z", "title": "First Participants Dosed in Phase 1 Study Evaluating mRNA-1283, Moderna's Next Generation COVID-19 Vaccine - Joplin Globe", "content": "CAMBRIDGE, Mass.--(BUSINESS WIRE)--Moderna, Inc. (Nasdaq: MRNA), a biotechnology company pioneering messenger RNA (mRNA) therapeutics and vaccines, today announced that the first participants have be\u2026 [+12831 chars]", "author": null}, {"timestamp": "2021-03-15T12:50:00Z", "title": "Why is there no COVID vaccine for kids yet? A B.C. researcher breaks it down - North Island Gazette", "content": "Although there are now several COVID-19 vaccines authorized in Canada, and vaccination efforts are ramping up, there\u2019s still one group that\u2019s not eligible: children.\r\nAll COVID-19 vaccines in Canada \u2026 [+1775 chars]", "author": "Katya Slepian"}, {"timestamp": "2021-03-15T12:31:00Z", "title": "Indonesia holds off on AstraZeneca vaccine, awaits WHO review - INQUIRER.net", "content": "FILE PHOTO: Prepared syringes of the AstraZeneca COVID-19 vaccine are seen at the Clinique de l\u2019Estree \u2013 ELSAN private hospital in Stains as part of the coronavirus disease (COVID-19) vaccination cam\u2026 [+2199 chars]", "author": "Reuters"}, {"timestamp": "2021-03-15T11:28:00Z", "title": "On lockdown anniversary, Robredo extolls frontliners for risking their lives - INQUIRER.net", "content": "MANILA, Philippines On the anniversary of the declaration of a Luzon-wide lockdown, Vice President Leni Robredo reminded the public that the country has much to thank frontliners for leading the way \u2026 [+4425 chars]", "author": "Gabriel Pabico Lalu"}, {"timestamp": "2021-03-15T10:30:00Z", "title": "OPPO launches Find X3 Pro - manilastandard.net", "content": "6th Floor Universal Re Bldg., 106 Paseo De Roxas cor. Perea Street, Legaspi Village, 1226 Makati City Philippines\r\nTrunklines: 832-5554, 832-5556, 832-5558", "author": null}, {"timestamp": "2021-03-15T08:46:09Z", "title": "Most over 50s will be vaccinated within weeks, says expert - Kent Live", "content": "Most people over-50 will be vaccinated within weeks, according to a senior member of the UK's vaccine committee.\r\nProfessor Anthony Harnden, deputy chairman of the Joint Committee on Vaccination and \u2026 [+1545 chars]", "author": "Neil Shaw"}, {"timestamp": "2021-03-15T07:34:39Z", "title": "3 things to know: Draymond Green's triple-double helps Warriors snap losing streak with win over Jazz on Steph Curry's birthday - Warriors Wire", "content": "On Steph Curry\u2019s 33rd birthday, Draymond Green gifted his teammate a triple-double performance to help push the Golden State Warriors past the Western Conference-leading Utah Jazz, 131-119.\r\nRiding a\u2026 [+2606 chars]", "author": "Tommy Call III"}]